Unnamed: 0.3,Unnamed: 0.2,Unnamed: 0.1,Unnamed: 0,Job Title,Salary,Bonus,Total Compensation,Salary Effective Tax Rate,Total Compensation Effective Tax Rate,After Tax Salary,After Tax Bonus,After Tax Total Compensation
2,2.0,2.0,2.0,Quant Analyst CFA Level II,121500.0,12150.0,133650.0,0.21,0.21,96276.6,8941.43,105218.03
3,3.0,3.0,3.0,Quant Analyst CFA,136500.0,13650.0,150150.0,0.21,0.21,107875.95,10000.55,117876.5
4,4.0,4.0,4.0,Senior Quant Analyst CFA,161500.0,16150.0,177650.0,0.21,0.22,127035.9,11757.62,138793.52
5,5.0,5.0,5.0,Associate Director CFA,191500.0,19150.0,210650.0,0.22,0.22,149465.75,13848.21,163313.96
6,6.0,6.0,6.0,Director CFA,236500.0,23650.0,260150.0,0.23,0.23,182885.45,16981.92,199867.37
7,7.0,7.0,7.0,Occupational Therapist,85000.0,100.0,85100.0,0.2299999999999999,0.2299999999999999,84804.5,99.77,84904.27
0,,,,Test,0.0,0.0,0.0,30.0,30.0,0.0,0.0,0.0
